t,g0_mib,g0_util,g1_mib,g1_util,ram_gib,commit_gib
0,641,0,2558,5,24.4,84.8
5,641,0,2509,25,25.7,104.4
12,641,0,2351,38,25.1,102.5
18,641,0,2185,39,25.2,102.3
23,641,0,2203,34,25.5,102.3
33,641,0,2205,13,26.7,103.3
44,641,0,2489,61,27.3,103.9
49,641,0,2485,38,28.4,105.7
54,641,0,2493,32,30.4,107.3
59,641,0,2546,23,31.1,107.3
64,641,0,2631,25,31.8,108.4
69,2189,0,2645,16,31.2,115.1
75,2189,0,2645,33,31.7,116.5
80,2189,0,2645,35,32.2,116.7
85,2189,0,3649,33,32.8,118.0
90,2189,0,3778,12,33.1,118.1
95,2189,0,3971,16,33.4,118.4
100,2189,0,3892,24,33.7,118.4
105,2189,0,4546,35,34.2,118.9
110,2189,0,4923,33,34.7,119.3
115,2189,0,5174,40,35.1,119.5
120,2189,0,5494,35,35.4,119.8
125,2189,0,5846,40,35.7,120.1
130,2189,0,6198,35,36.0,120.5
135,2189,0,6487,38,36.2,120.7
141,2189,0,6839,34,36.3,120.9
146,2189,0,7159,39,36.8,121.3
151,2189,0,7511,31,36.9,121.6
156,2189,0,7832,34,37.2,121.9
161,2189,0,8184,32,37.6,122.2
166,2189,0,9464,20,39.6,125.2
171,2189,0,10424,59,40.3,125.9
176,2061,0,11935,70,34.3,121.0
181,2061,0,12018,100,34.5,120.9
186,2061,0,11995,100,34.4,120.8
191,2061,0,11978,100,34.6,121.0
196,2061,0,11982,100,34.6,120.9
202,2061,0,11972,29,35.0,125.8
207,2061,0,11986,20,34.9,125.6
212,2061,0,11978,32,34.9,125.6
217,2061,0,11976,38,34.9,125.6
222,2061,0,11977,33,34.9,125.5
227,2669,1,12028,10,34.8,124.8
232,3861,13,11972,10,34.8,123.2
237,3861,41,11981,37,35.3,123.2
242,4117,4,11949,47,34.4,121.1
247,4405,14,11799,62,35.2,121.5
252,4693,1,11790,67,35.4,121.4
257,4981,27,11770,23,36.2,122.2
262,5269,5,11767,10,36.5,122.5
268,5589,1,11674,12,36.9,122.7
273,5941,7,11751,40,35.6,122.3
278,6261,3,11770,11,36.2,122.7
283,6581,47,11785,7,36.3,122.8
288,6901,35,11781,6,36.6,122.9
293,6965,13,11781,6,36.8,122.9
298,6965,11,11651,9,37.0,122.7
303,6997,9,11702,13,37.7,123.2
308,7189,1,11699,5,38.1,123.7
313,7477,10,11694,5,38.6,124.0
318,7765,31,11623,26,38.9,124.2
323,8085,21,11623,6,39.3,124.4
328,8277,32,11623,10,39.5,124.6
333,8469,28,11638,9,39.8,124.7
339,8693,34,11638,6,40.0,124.9
344,8885,26,11638,9,40.3,125.1
349,9077,26,11639,9,40.4,125.2
354,9269,8,11639,6,40.7,125.4
359,9461,32,11639,6,41.0,125.6
364,9685,23,11639,7,41.3,125.9
369,9877,27,11639,7,41.5,126.0
374,10069,25,11639,6,41.8,126.2
379,10293,31,11639,8,42.2,126.5
384,10485,31,11654,8,42.4,126.5
389,10677,21,11655,5,42.7,126.8
394,10869,33,11655,5,43.1,127.0
399,11029,30,11653,5,43.3,127.1
405,11253,6,11878,21,43.0,126.9
410,11445,21,11963,37,43.3,127.2
415,11509,17,11954,24,43.5,127.1
420,11669,16,11896,30,43.9,127.3
425,11829,22,11909,27,44.1,127.5
430,12021,6,11893,77,44.9,127.8
435,12213,5,11921,19,45.5,128.0
440,12405,9,11936,25,46.1,129.1
445,12597,19,11613,25,46.0,128.7
450,12789,14,11633,10,46.4,128.7
455,12949,10,11579,6,46.2,128.4
460,13109,14,11578,26,46.5,128.7
465,13269,14,11582,26,47.1,129.3
470,13429,15,11568,6,47.1,129.2
476,13589,10,11579,6,47.2,129.3
481,13749,14,11579,5,47.3,129.3
486,13909,12,11579,40,47.6,129.6
491,14037,14,11581,10,48.1,130.1
496,14197,13,11581,12,48.2,130.1
501,14357,15,11581,6,48.4,130.3
506,14517,14,11581,10,48.5,130.3
511,14677,16,11583,35,48.7,130.4
516,14837,16,11583,16,48.9,130.6
521,14997,9,11585,6,49.1,130.6
526,15157,14,11586,20,49.3,130.8
531,15253,6,11586,13,49.5,130.9
536,15381,13,11607,21,49.7,131.1
541,15861,35,11598,8,50.1,131.5
547,16277,15,11597,38,50.5,132.0
552,18317,100,11593,14,50.7,134.0
557,18317,100,11600,8,50.7,134.0
562,18349,100,11612,65,50.7,134.0
567,18349,100,11602,8,50.6,133.9
572,18349,100,11601,9,50.4,133.9
577,18349,100,11595,19,50.3,134.0
582,18349,100,11601,8,50.4,134.0
587,18349,100,11602,8,50.5,134.1
592,18349,100,11591,8,50.5,134.0
597,18349,100,11608,10,50.4,134.0
602,18893,100,9432,8,52.5,134.7
607,18893,45,9414,8,52.3,134.4
613,18893,0,9426,6,61.4,145.0
618,17657,0,9423,9,48.4,132.0
623,16665,56,9424,8,50.3,133.3
628,23001,100,9424,9,51.6,140.7
633,23001,100,9426,5,51.6,140.7
638,23001,100,9425,6,51.6,140.7
643,23001,100,9424,8,51.6,140.7
648,23001,100,9415,15,51.6,140.7
653,23001,100,9415,12,51.6,140.7
658,23001,100,9416,8,51.6,140.6
663,23001,100,9413,8,51.6,140.6
668,23001,100,9414,21,51.5,140.6
673,23065,100,9420,19,51.6,140.7
679,23065,100,9427,6,51.8,140.8
684,23065,100,9427,6,51.9,140.8
689,23065,100,9416,25,52.0,140.9
694,23065,100,9416,6,52.0,140.8
699,23065,100,9418,6,52.0,140.8
704,23065,100,9418,6,52.0,140.8
709,23065,100,9418,8,52.0,140.8
714,23129,100,9415,16,52.0,140.8
719,23129,100,9415,6,52.0,140.8
724,23129,100,9421,10,52.0,140.8
729,23129,100,9428,17,52.5,140.8
734,23129,100,9440,17,52.9,140.9
739,23129,100,9666,31,53.1,141.6
744,23129,100,9666,31,53.2,141.9
749,23129,100,9655,15,53.0,141.7
754,23129,100,9595,32,52.9,141.6
760,23161,100,9594,36,52.8,141.5
765,23161,100,9580,34,52.7,141.4
770,23161,100,9580,33,52.6,141.4
775,23161,100,9587,18,52.7,141.4
780,23161,100,9581,41,52.6,141.4
785,23161,100,9594,17,52.6,141.4
790,23161,100,9594,39,52.6,141.4
795,23161,100,9581,36,52.6,141.5
800,23161,100,9600,31,52.5,141.4
805,23161,100,9598,31,52.5,141.4
810,23161,100,9610,33,52.5,141.4
815,23161,100,9604,35,52.5,141.4
820,23161,100,9622,41,52.5,141.4
825,23161,100,9604,32,52.5,141.4
831,23161,100,9598,45,52.6,141.4
836,23161,100,9608,15,52.6,141.5
841,23161,100,9623,32,52.6,141.5
846,23161,100,9600,33,52.6,141.5
851,23225,100,9598,37,52.6,141.4
856,23225,100,9597,37,52.6,141.4
861,23225,100,9597,40,52.7,141.4
866,23225,100,9597,40,52.6,141.4
871,23225,100,9596,39,52.6,141.4
876,23225,100,9607,38,51.3,141.5
881,23225,100,9591,37,51.5,141.5
886,23225,100,9599,36,51.4,141.4
891,17977,0,9641,17,57.4,143.7
897,19417,83,9607,37,56.9,144.0
902,19417,97,9601,39,57.0,143.9
907,19417,100,9600,39,57.0,143.9
912,19417,100,9600,38,57.1,143.9
917,19417,100,9600,45,57.0,144.0
922,19417,100,9603,41,56.8,143.7
927,19417,0,9601,38,62.7,150.0
932,19417,0,9601,41,62.1,155.7
937,19417,0,9601,42,62.6,187.6
943,19417,0,9560,36,62.7,187.4
948,19417,0,9555,37,62.7,187.4
953,19417,0,9555,39,63.6,187.3
958,19417,0,9555,39,62.6,187.4
963,19417,0,9559,44,63.6,187.3
969,19417,0,9568,28,63.6,193.0
974,19417,0,9561,38,63.6,192.9
979,19417,0,9559,43,63.6,192.9
984,19417,0,9558,34,63.6,192.9
990,19417,0,9569,36,63.6,193.0
995,19417,0,9560,38,63.6,192.9
1001,19417,0,9557,25,63.6,192.8
1006,19417,0,9560,42,63.6,192.7
1012,19417,0,9560,39,63.6,192.8
1017,19417,0,9567,38,63.6,192.8
1023,19417,0,9563,36,63.6,192.8
1028,19417,0,9565,37,27.0,148.5
1033,18265,100,9581,34,22.4,139.5
1038,18265,0,9602,24,24.2,140.7
1043,18265,0,9603,23,24.8,140.6
1048,17657,0,9628,20,25.8,139.7
