2026/09/24 18:06:37.467, 0, 338 MiB, 0 %
2026/09/24 18:06:37.468, 1, 3242 MiB, 5 %
2026/09/24 18:06:42.484, 0, 338 MiB, 0 %
2026/09/24 18:06:42.484, 1, 3246 MiB, 8 %
2026/09/24 18:06:47.495, 0, 338 MiB, 0 %
2026/09/24 18:06:47.495, 1, 3320 MiB, 21 %
2026/09/24 18:06:52.499, 0, 338 MiB, 0 %
2026/09/24 18:06:52.499, 1, 3340 MiB, 2 %
2026/09/24 18:06:57.500, 0, 338 MiB, 0 %
2026/09/24 18:06:57.500, 1, 3528 MiB, 20 %
2026/09/24 18:07:02.509, 0, 338 MiB, 0 %
2026/09/24 18:07:02.509, 1, 3572 MiB, 11 %
2026/09/24 18:07:07.520, 0, 338 MiB, 0 %
2026/09/24 18:07:07.520, 1, 3558 MiB, 20 %
2026/09/24 18:07:12.531, 0, 338 MiB, 0 %
2026/09/24 18:07:12.531, 1, 3565 MiB, 5 %
2026/09/24 18:07:17.543, 0, 338 MiB, 0 %
2026/09/24 18:07:17.543, 1, 3489 MiB, 63 %
2026/09/24 18:07:22.545, 0, 338 MiB, 0 %
2026/09/24 18:07:22.545, 1, 3550 MiB, 12 %
2026/09/24 18:07:27.559, 0, 338 MiB, 0 %
2026/09/24 18:07:27.559, 1, 3597 MiB, 10 %
2026/09/24 18:07:32.565, 0, 338 MiB, 0 %
2026/09/24 18:07:32.565, 1, 3725 MiB, 20 %
2026/09/24 18:07:37.566, 0, 338 MiB, 0 %
2026/09/24 18:07:37.566, 1, 3873 MiB, 12 %
2026/09/24 18:07:42.577, 0, 338 MiB, 0 %
2026/09/24 18:07:42.577, 1, 3923 MiB, 83 %
2026/09/24 18:07:47.588, 0, 338 MiB, 0 %
2026/09/24 18:07:47.588, 1, 3847 MiB, 13 %
2026/09/24 18:07:52.591, 0, 338 MiB, 0 %
2026/09/24 18:07:52.591, 1, 3498 MiB, 71 %
2026/09/24 18:07:57.593, 0, 338 MiB, 0 %
2026/09/24 18:07:57.593, 1, 3831 MiB, 15 %
2026/09/24 18:08:02.595, 0, 338 MiB, 0 %
2026/09/24 18:08:02.595, 1, 3878 MiB, 4 %
2026/09/24 18:08:07.608, 0, 338 MiB, 0 %
2026/09/24 18:08:07.608, 1, 3893 MiB, 24 %
2026/09/24 18:08:12.613, 0, 338 MiB, 0 %
2026/09/24 18:08:12.613, 1, 3970 MiB, 28 %
2026/09/24 18:08:17.622, 0, 338 MiB, 0 %
2026/09/24 18:08:17.622, 1, 4015 MiB, 6 %
2026/09/24 18:08:22.636, 0, 338 MiB, 0 %
2026/09/24 18:08:22.636, 1, 4007 MiB, 14 %
2026/09/24 18:08:27.644, 0, 338 MiB, 0 %
2026/09/24 18:08:27.644, 1, 4015 MiB, 82 %
2026/09/24 18:08:32.646, 0, 338 MiB, 0 %
2026/09/24 18:08:32.646, 1, 4037 MiB, 19 %
2026/09/24 18:08:37.650, 0, 338 MiB, 0 %
2026/09/24 18:08:37.650, 1, 3880 MiB, 25 %
2026/09/24 18:08:42.659, 0, 338 MiB, 0 %
2026/09/24 18:08:42.659, 1, 3951 MiB, 83 %
2026/09/24 18:08:47.663, 0, 338 MiB, 0 %
2026/09/24 18:08:47.663, 1, 3909 MiB, 39 %
2026/09/24 18:08:52.668, 0, 338 MiB, 0 %
2026/09/24 18:08:52.668, 1, 3983 MiB, 34 %
2026/09/24 18:08:57.674, 0, 338 MiB, 0 %
2026/09/24 18:08:57.674, 1, 4041 MiB, 41 %
2026/09/24 18:09:02.680, 0, 338 MiB, 0 %
2026/09/24 18:09:02.680, 1, 4035 MiB, 17 %
2026/09/24 18:09:07.691, 0, 338 MiB, 0 %
2026/09/24 18:09:07.691, 1, 3528 MiB, 2 %
2026/09/24 18:09:12.702, 0, 338 MiB, 0 %
2026/09/24 18:09:12.702, 1, 3526 MiB, 6 %
2026/09/24 18:09:17.712, 0, 338 MiB, 0 %
2026/09/24 18:09:17.712, 1, 3526 MiB, 7 %
2026/09/24 18:09:22.714, 0, 338 MiB, 0 %
2026/09/24 18:09:22.714, 1, 3534 MiB, 32 %
2026/09/24 18:09:27.729, 0, 338 MiB, 0 %
2026/09/24 18:09:27.729, 1, 3525 MiB, 47 %
2026/09/24 18:09:32.733, 0, 338 MiB, 0 %
2026/09/24 18:09:32.733, 1, 3889 MiB, 41 %
2026/09/24 18:09:37.745, 0, 338 MiB, 0 %
2026/09/24 18:09:37.745, 1, 3929 MiB, 77 %
2026/09/24 18:09:42.747, 0, 338 MiB, 0 %
2026/09/24 18:09:42.747, 1, 4029 MiB, 19 %
2026/09/24 18:09:47.755, 0, 338 MiB, 0 %
2026/09/24 18:09:47.755, 1, 3963 MiB, 69 %
2026/09/24 18:09:52.763, 0, 338 MiB, 0 %
2026/09/24 18:09:52.763, 1, 3991 MiB, 49 %
2026/09/24 18:09:57.779, 0, 338 MiB, 0 %
2026/09/24 18:09:57.779, 1, 4032 MiB, 42 %
2026/09/24 18:10:02.781, 0, 338 MiB, 0 %
2026/09/24 18:10:02.781, 1, 4056 MiB, 38 %
2026/09/24 18:10:07.787, 0, 1918 MiB, 0 %
2026/09/24 18:10:07.787, 1, 7352 MiB, 100 %
2026/09/24 18:10:12.799, 0, 1918 MiB, 0 %
2026/09/24 18:10:12.799, 1, 7352 MiB, 42 %
2026/09/24 18:10:17.815, 0, 1918 MiB, 0 %
2026/09/24 18:10:17.815, 1, 7687 MiB, 24 %
2026/09/24 18:10:22.827, 0, 1918 MiB, 0 %
2026/09/24 18:10:22.827, 1, 8378 MiB, 72 %
2026/09/24 18:10:27.835, 0, 1918 MiB, 0 %
2026/09/24 18:10:27.835, 1, 8295 MiB, 79 %
2026/09/24 18:10:32.847, 0, 1918 MiB, 0 %
2026/09/24 18:10:32.847, 1, 11061 MiB, 43 %
2026/09/24 18:10:37.862, 0, 1918 MiB, 0 %
2026/09/24 18:10:37.862, 1, 11676 MiB, 82 %
2026/09/24 18:10:42.873, 0, 1918 MiB, 0 %
2026/09/24 18:10:42.873, 1, 11740 MiB, 100 %
2026/09/24 18:10:47.875, 0, 1918 MiB, 0 %
2026/09/24 18:10:47.875, 1, 11735 MiB, 100 %
2026/09/24 18:10:52.890, 0, 1918 MiB, 0 %
2026/09/24 18:10:52.890, 1, 11735 MiB, 100 %
2026/09/24 18:10:57.894, 0, 1918 MiB, 0 %
2026/09/24 18:10:57.894, 1, 11845 MiB, 100 %
2026/09/24 18:11:02.907, 0, 1918 MiB, 0 %
2026/09/24 18:11:02.907, 1, 11841 MiB, 100 %
2026/09/24 18:11:07.916, 0, 1918 MiB, 0 %
2026/09/24 18:11:07.916, 1, 11878 MiB, 100 %
2026/09/24 18:11:12.931, 0, 1758 MiB, 0 %
2026/09/24 18:11:12.931, 1, 10307 MiB, 100 %
2026/09/24 18:11:17.939, 0, 1758 MiB, 0 %
2026/09/24 18:11:17.939, 1, 11842 MiB, 36 %
2026/09/24 18:11:22.940, 0, 1758 MiB, 0 %
2026/09/24 18:11:22.940, 1, 11832 MiB, 61 %
2026/09/24 18:11:27.955, 0, 1758 MiB, 0 %
2026/09/24 18:11:27.955, 1, 11826 MiB, 59 %
2026/09/24 18:11:32.958, 0, 1758 MiB, 0 %
2026/09/24 18:11:32.958, 1, 11824 MiB, 53 %
2026/09/24 18:11:37.970, 0, 1886 MiB, 0 %
2026/09/24 18:11:37.970, 1, 11860 MiB, 52 %
2026/09/24 18:11:42.971, 0, 3590 MiB, 2 %
2026/09/24 18:11:42.971, 1, 11878 MiB, 52 %
2026/09/24 18:11:47.977, 0, 3590 MiB, 41 %
2026/09/24 18:11:47.977, 1, 11877 MiB, 54 %
2026/09/24 18:11:52.983, 0, 3622 MiB, 84 %
2026/09/24 18:11:52.983, 1, 11870 MiB, 48 %
2026/09/24 18:11:57.994, 0, 3942 MiB, 6 %
2026/09/24 18:11:57.994, 1, 11867 MiB, 50 %
2026/09/24 18:12:03.007, 0, 4198 MiB, 20 %
2026/09/24 18:12:03.007, 1, 11871 MiB, 50 %
2026/09/24 18:12:08.009, 0, 4486 MiB, 4 %
2026/09/24 18:12:08.009, 1, 11880 MiB, 46 %
2026/09/24 18:12:13.024, 0, 4806 MiB, 6 %
2026/09/24 18:12:13.024, 1, 11880 MiB, 57 %
2026/09/24 18:12:18.039, 0, 5126 MiB, 6 %
2026/09/24 18:12:18.039, 1, 11894 MiB, 17 %
2026/09/24 18:12:23.047, 0, 5478 MiB, 6 %
2026/09/24 18:12:23.047, 1, 11824 MiB, 55 %
2026/09/24 18:12:28.052, 0, 5798 MiB, 39 %
2026/09/24 18:12:28.052, 1, 11831 MiB, 17 %
2026/09/24 18:12:33.057, 0, 6150 MiB, 36 %
2026/09/24 18:12:33.057, 1, 11848 MiB, 56 %
2026/09/24 18:12:38.067, 0, 6502 MiB, 5 %
2026/09/24 18:12:38.067, 1, 11844 MiB, 28 %
2026/09/24 18:12:43.079, 0, 6662 MiB, 13 %
2026/09/24 18:12:43.079, 1, 11905 MiB, 40 %
2026/09/24 18:12:48.081, 0, 6662 MiB, 24 %
2026/09/24 18:12:48.081, 1, 11911 MiB, 28 %
2026/09/24 18:12:53.090, 0, 6662 MiB, 7 %
2026/09/24 18:12:53.090, 1, 11983 MiB, 57 %
2026/09/24 18:12:58.098, 0, 6758 MiB, 41 %
2026/09/24 18:12:58.098, 1, 11906 MiB, 28 %
2026/09/24 18:13:03.104, 0, 6950 MiB, 26 %
2026/09/24 18:13:03.104, 1, 11942 MiB, 28 %
2026/09/24 18:13:08.115, 0, 7174 MiB, 34 %
2026/09/24 18:13:08.115, 1, 11937 MiB, 51 %
2026/09/24 18:13:13.130, 0, 7398 MiB, 28 %
2026/09/24 18:13:13.130, 1, 11924 MiB, 52 %
2026/09/24 18:13:18.141, 0, 7590 MiB, 24 %
2026/09/24 18:13:18.141, 1, 11938 MiB, 51 %
2026/09/24 18:13:23.155, 0, 7814 MiB, 36 %
2026/09/24 18:13:23.155, 1, 11936 MiB, 54 %
2026/09/24 18:13:28.164, 0, 8006 MiB, 32 %
2026/09/24 18:13:28.164, 1, 11942 MiB, 50 %
2026/09/24 18:13:33.175, 0, 8198 MiB, 40 %
2026/09/24 18:13:33.175, 1, 11928 MiB, 52 %
2026/09/24 18:13:38.190, 0, 8422 MiB, 31 %
2026/09/24 18:13:38.190, 1, 11932 MiB, 50 %
2026/09/24 18:13:43.205, 0, 8646 MiB, 28 %
2026/09/24 18:13:43.205, 1, 11932 MiB, 54 %
2026/09/24 18:13:48.219, 0, 8838 MiB, 26 %
2026/09/24 18:13:48.219, 1, 11902 MiB, 40 %
2026/09/24 18:13:53.228, 0, 9030 MiB, 28 %
2026/09/24 18:13:53.228, 1, 11902 MiB, 37 %
2026/09/24 18:13:58.241, 0, 9254 MiB, 48 %
2026/09/24 18:13:58.241, 1, 11905 MiB, 62 %
2026/09/24 18:14:03.243, 0, 9446 MiB, 26 %
2026/09/24 18:14:03.243, 1, 11900 MiB, 55 %
2026/09/24 18:14:08.249, 0, 9670 MiB, 25 %
2026/09/24 18:14:08.249, 1, 11898 MiB, 54 %
2026/09/24 18:14:13.258, 0, 9862 MiB, 27 %
2026/09/24 18:14:13.258, 1, 11898 MiB, 58 %
2026/09/24 18:14:18.267, 0, 10086 MiB, 26 %
2026/09/24 18:14:18.267, 1, 11898 MiB, 57 %
2026/09/24 18:14:23.267, 0, 10246 MiB, 31 %
2026/09/24 18:14:23.267, 1, 11899 MiB, 58 %
2026/09/24 18:14:28.281, 0, 10438 MiB, 24 %
2026/09/24 18:14:28.281, 1, 11933 MiB, 59 %
2026/09/24 18:14:33.291, 0, 10598 MiB, 31 %
2026/09/24 18:14:33.291, 1, 11937 MiB, 59 %
2026/09/24 18:14:38.306, 0, 10662 MiB, 32 %
2026/09/24 18:14:38.306, 1, 11942 MiB, 90 %
2026/09/24 18:14:43.321, 0, 10822 MiB, 13 %
2026/09/24 18:14:43.321, 1, 11994 MiB, 59 %
2026/09/24 18:14:48.327, 0, 10982 MiB, 18 %
2026/09/24 18:14:48.327, 1, 11882 MiB, 38 %
2026/09/24 18:14:53.340, 0, 11142 MiB, 16 %
2026/09/24 18:14:53.340, 1, 11890 MiB, 39 %
2026/09/24 18:14:58.352, 0, 11302 MiB, 16 %
2026/09/24 18:14:58.352, 1, 11884 MiB, 55 %
2026/09/24 18:15:03.364, 0, 11398 MiB, 17 %
2026/09/24 18:15:03.364, 1, 11880 MiB, 58 %
2026/09/24 18:15:08.368, 0, 11526 MiB, 23 %
2026/09/24 18:15:08.368, 1, 11884 MiB, 60 %
2026/09/24 18:15:13.378, 0, 11654 MiB, 19 %
2026/09/24 18:15:13.378, 1, 11890 MiB, 55 %
2026/09/24 18:15:18.392, 0, 11782 MiB, 18 %
2026/09/24 18:15:18.392, 1, 11810 MiB, 22 %
2026/09/24 18:15:23.394, 0, 11910 MiB, 19 %
2026/09/24 18:15:23.394, 1, 11799 MiB, 44 %
2026/09/24 18:15:28.409, 0, 12070 MiB, 30 %
2026/09/24 18:15:28.409, 1, 11935 MiB, 23 %
2026/09/24 18:15:33.419, 0, 12198 MiB, 26 %
2026/09/24 18:15:33.419, 1, 11893 MiB, 11 %
2026/09/24 18:15:38.427, 0, 12326 MiB, 18 %
2026/09/24 18:15:38.427, 1, 11656 MiB, 66 %
2026/09/24 18:15:43.430, 0, 12454 MiB, 16 %
2026/09/24 18:15:43.430, 1, 11503 MiB, 19 %
2026/09/24 18:15:48.435, 0, 12582 MiB, 17 %
2026/09/24 18:15:48.435, 1, 11475 MiB, 36 %
2026/09/24 18:15:53.438, 0, 12614 MiB, 10 %
2026/09/24 18:15:53.438, 1, 11478 MiB, 37 %
2026/09/24 18:15:58.451, 0, 12966 MiB, 29 %
2026/09/24 18:15:58.451, 1, 11480 MiB, 31 %
2026/09/24 18:16:03.464, 0, 13414 MiB, 9 %
2026/09/24 18:16:03.464, 1, 11483 MiB, 19 %
2026/09/24 18:16:08.476, 0, 14132 MiB, 99 %
2026/09/24 18:16:08.476, 1, 11507 MiB, 38 %
2026/09/24 18:16:13.480, 0, 16286 MiB, 100 %
2026/09/24 18:16:13.480, 1, 11481 MiB, 20 %
2026/09/24 18:16:18.482, 0, 16446 MiB, 100 %
2026/09/24 18:16:18.482, 1, 11518 MiB, 38 %
2026/09/24 18:16:23.490, 0, 16446 MiB, 100 %
2026/09/24 18:16:23.490, 1, 11493 MiB, 20 %
2026/09/24 18:16:28.503, 0, 16446 MiB, 100 %
2026/09/24 18:16:28.503, 1, 11544 MiB, 37 %
2026/09/24 18:16:33.513, 0, 16446 MiB, 100 %
2026/09/24 18:16:33.513, 1, 11530 MiB, 23 %
2026/09/24 18:16:38.521, 0, 16446 MiB, 100 %
2026/09/24 18:16:38.521, 1, 11568 MiB, 36 %
2026/09/24 18:16:43.532, 0, 16446 MiB, 100 %
2026/09/24 18:16:43.532, 1, 11541 MiB, 44 %
2026/09/24 18:16:48.546, 0, 16446 MiB, 100 %
2026/09/24 18:16:48.546, 1, 11569 MiB, 61 %
2026/09/24 18:16:53.553, 0, 16446 MiB, 100 %
2026/09/24 18:16:53.553, 1, 11543 MiB, 40 %
2026/09/24 18:16:58.554, 0, 16446 MiB, 100 %
2026/09/24 18:16:58.554, 1, 11571 MiB, 37 %
2026/09/24 18:17:03.564, 0, 16446 MiB, 0 %
2026/09/24 18:17:03.564, 1, 11539 MiB, 24 %
2026/09/24 18:17:08.566, 0, 16446 MiB, 1 %
2026/09/24 18:17:08.566, 1, 11567 MiB, 37 %
2026/09/24 18:17:13.570, 0, 16190 MiB, 100 %
2026/09/24 18:17:13.570, 1, 9140 MiB, 20 %
2026/09/24 18:17:18.579, 0, 16350 MiB, 0 %
2026/09/24 18:17:18.579, 1, 9153 MiB, 31 %
2026/09/24 18:17:23.591, 0, 16350 MiB, 0 %
2026/09/24 18:17:23.591, 1, 9136 MiB, 17 %
2026/09/24 18:17:28.601, 0, 7904 MiB, 24 %
2026/09/24 18:17:28.601, 1, 9180 MiB, 30 %
2026/09/24 18:17:33.609, 0, 7818 MiB, 4 %
2026/09/24 18:17:33.609, 1, 9211 MiB, 36 %
2026/09/24 18:17:38.621, 0, 10314 MiB, 53 %
2026/09/24 18:17:38.621, 1, 9236 MiB, 40 %
2026/09/24 18:17:43.636, 0, 20458 MiB, 100 %
2026/09/24 18:17:43.636, 1, 9229 MiB, 41 %
2026/09/24 18:17:48.641, 0, 20458 MiB, 100 %
2026/09/24 18:17:48.641, 1, 9257 MiB, 27 %
2026/09/24 18:17:53.644, 0, 20458 MiB, 99 %
2026/09/24 18:17:53.644, 1, 9265 MiB, 18 %
2026/09/24 18:17:58.659, 0, 20458 MiB, 100 %
2026/09/24 18:17:58.659, 1, 9281 MiB, 31 %
2026/09/24 18:18:03.661, 0, 20490 MiB, 100 %
2026/09/24 18:18:03.661, 1, 9278 MiB, 17 %
2026/09/24 18:18:08.675, 0, 20490 MiB, 98 %
2026/09/24 18:18:08.675, 1, 9305 MiB, 27 %
2026/09/24 18:18:13.688, 0, 20490 MiB, 100 %
2026/09/24 18:18:13.688, 1, 9282 MiB, 42 %
2026/09/24 18:18:18.693, 0, 20490 MiB, 100 %
2026/09/24 18:18:18.693, 1, 9310 MiB, 30 %
2026/09/24 18:18:23.702, 0, 20490 MiB, 100 %
2026/09/24 18:18:23.702, 1, 9278 MiB, 16 %
2026/09/24 18:18:28.716, 0, 20522 MiB, 100 %
2026/09/24 18:18:28.716, 1, 9313 MiB, 33 %
2026/09/24 18:18:33.727, 0, 20522 MiB, 100 %
2026/09/24 18:18:33.727, 1, 9285 MiB, 18 %
2026/09/24 18:18:38.736, 0, 20522 MiB, 100 %
2026/09/24 18:18:38.736, 1, 9307 MiB, 29 %
2026/09/24 18:18:43.745, 0, 20522 MiB, 100 %
2026/09/24 18:18:43.745, 1, 9279 MiB, 16 %
2026/09/24 18:18:48.758, 0, 20522 MiB, 100 %
2026/09/24 18:18:48.758, 1, 9307 MiB, 33 %
2026/09/24 18:18:53.760, 0, 20522 MiB, 97 %
2026/09/24 18:18:53.760, 1, 9279 MiB, 16 %
2026/09/24 18:18:58.772, 0, 20522 MiB, 100 %
2026/09/24 18:18:58.772, 1, 9293 MiB, 26 %
2026/09/24 18:19:03.786, 0, 20522 MiB, 100 %
2026/09/24 18:19:03.786, 1, 9280 MiB, 17 %
2026/09/24 18:19:08.797, 0, 20522 MiB, 99 %
2026/09/24 18:19:08.797, 1, 9281 MiB, 30 %
2026/09/24 18:19:13.812, 0, 20522 MiB, 98 %
2026/09/24 18:19:13.812, 1, 9282 MiB, 15 %
2026/09/24 18:19:18.821, 0, 20522 MiB, 100 %
2026/09/24 18:19:18.821, 1, 9309 MiB, 39 %
2026/09/24 18:19:23.831, 0, 20522 MiB, 100 %
2026/09/24 18:19:23.831, 1, 9282 MiB, 17 %
2026/09/24 18:19:28.841, 0, 20522 MiB, 100 %
2026/09/24 18:19:28.841, 1, 9310 MiB, 28 %
2026/09/24 18:19:33.843, 0, 20522 MiB, 100 %
2026/09/24 18:19:33.843, 1, 9282 MiB, 16 %
2026/09/24 18:19:38.854, 0, 20522 MiB, 99 %
2026/09/24 18:19:38.854, 1, 9309 MiB, 30 %
2026/09/24 18:19:43.867, 0, 20522 MiB, 100 %
2026/09/24 18:19:43.867, 1, 9281 MiB, 15 %
2026/09/24 18:19:48.874, 0, 20522 MiB, 100 %
2026/09/24 18:19:48.874, 1, 9281 MiB, 33 %
2026/09/24 18:19:53.882, 0, 20554 MiB, 100 %
2026/09/24 18:19:53.882, 1, 9281 MiB, 16 %
2026/09/24 18:19:58.899, 0, 20554 MiB, 98 %
2026/09/24 18:19:58.899, 1, 9308 MiB, 19 %
2026/09/24 18:20:03.910, 0, 20554 MiB, 100 %
2026/09/24 18:20:03.910, 1, 9281 MiB, 30 %
2026/09/24 18:20:08.921, 0, 20554 MiB, 100 %
2026/09/24 18:20:08.921, 1, 9312 MiB, 35 %
2026/09/24 18:20:13.928, 0, 20554 MiB, 100 %
2026/09/24 18:20:13.928, 1, 9348 MiB, 45 %
2026/09/24 18:20:18.942, 0, 20618 MiB, 96 %
2026/09/24 18:20:18.942, 1, 9397 MiB, 73 %
2026/09/24 18:20:23.953, 0, 20618 MiB, 100 %
2026/09/24 18:20:23.953, 1, 9400 MiB, 21 %
2026/09/24 18:20:28.957, 0, 20618 MiB, 100 %
2026/09/24 18:20:28.957, 1, 9331 MiB, 6 %
2026/09/24 18:20:33.971, 0, 20682 MiB, 100 %
2026/09/24 18:20:33.971, 1, 9349 MiB, 19 %
2026/09/24 18:20:38.977, 0, 20714 MiB, 100 %
2026/09/24 18:20:38.977, 1, 9303 MiB, 18 %
2026/09/24 18:20:43.984, 0, 20714 MiB, 99 %
2026/09/24 18:20:43.984, 1, 9319 MiB, 31 %
2026/09/24 18:20:49.000, 0, 20714 MiB, 100 %
2026/09/24 18:20:49.000, 1, 9304 MiB, 16 %
2026/09/24 18:20:54.011, 0, 20778 MiB, 100 %
2026/09/24 18:20:54.011, 1, 9330 MiB, 31 %
2026/09/24 18:20:59.026, 0, 20778 MiB, 100 %
2026/09/24 18:20:59.026, 1, 9330 MiB, 18 %
2026/09/24 18:21:04.030, 0, 20810 MiB, 100 %
2026/09/24 18:21:04.030, 1, 9317 MiB, 21 %
2026/09/24 18:21:09.034, 0, 20810 MiB, 100 %
2026/09/24 18:21:09.034, 1, 9352 MiB, 5 %
2026/09/24 18:21:14.045, 0, 20810 MiB, 100 %
2026/09/24 18:21:14.045, 1, 9348 MiB, 10 %
2026/09/24 18:21:19.060, 0, 20810 MiB, 100 %
2026/09/24 18:21:19.060, 1, 9281 MiB, 6 %
2026/09/24 18:21:24.075, 0, 20810 MiB, 100 %
2026/09/24 18:21:24.075, 1, 9285 MiB, 11 %
2026/09/24 18:21:29.080, 0, 20810 MiB, 100 %
2026/09/24 18:21:29.080, 1, 9348 MiB, 7 %
2026/09/24 18:21:34.086, 0, 20810 MiB, 71 %
2026/09/24 18:21:34.087, 1, 9734 MiB, 9 %
2026/09/24 18:21:39.092, 0, 20810 MiB, 100 %
2026/09/24 18:21:39.092, 1, 9835 MiB, 23 %
2026/09/24 18:21:44.102, 0, 20810 MiB, 100 %
2026/09/24 18:21:44.102, 1, 9741 MiB, 61 %
2026/09/24 18:21:49.117, 0, 20810 MiB, 100 %
2026/09/24 18:21:49.117, 1, 9687 MiB, 46 %
2026/09/24 18:21:54.132, 0, 20810 MiB, 100 %
2026/09/24 18:21:54.132, 1, 9798 MiB, 17 %
2026/09/24 18:21:59.146, 0, 20810 MiB, 100 %
2026/09/24 18:21:59.146, 1, 9802 MiB, 95 %
2026/09/24 18:22:04.150, 0, 20810 MiB, 100 %
2026/09/24 18:22:04.150, 1, 9781 MiB, 41 %
2026/09/24 18:22:09.156, 0, 20810 MiB, 100 %
2026/09/24 18:22:09.156, 1, 9781 MiB, 49 %
2026/09/24 18:22:14.165, 0, 20810 MiB, 100 %
2026/09/24 18:22:14.165, 1, 9797 MiB, 46 %
2026/09/24 18:22:19.180, 0, 10442 MiB, 100 %
2026/09/24 18:22:19.180, 1, 9782 MiB, 48 %
2026/09/24 18:22:24.188, 0, 13482 MiB, 100 %
2026/09/24 18:22:24.188, 1, 9782 MiB, 46 %
2026/09/24 18:22:29.195, 0, 13482 MiB, 70 %
2026/09/24 18:22:29.195, 1, 9790 MiB, 48 %
2026/09/24 18:22:34.198, 0, 13482 MiB, 100 %
2026/09/24 18:22:34.198, 1, 9787 MiB, 48 %
2026/09/24 18:22:39.210, 0, 13482 MiB, 92 %
2026/09/24 18:22:39.210, 1, 9782 MiB, 48 %
2026/09/24 18:22:44.215, 0, 13482 MiB, 0 %
2026/09/24 18:22:44.215, 1, 9792 MiB, 76 %
2026/09/24 18:22:49.219, 0, 13482 MiB, 0 %
2026/09/24 18:22:49.219, 1, 9742 MiB, 9 %
2026/09/24 18:22:54.233, 0, 13705 MiB, 0 %
2026/09/24 18:22:54.233, 1, 9749 MiB, 7 %
2026/09/24 18:22:59.245, 0, 13705 MiB, 0 %
2026/09/24 18:22:59.245, 1, 9747 MiB, 43 %
2026/09/24 18:23:04.253, 0, 13705 MiB, 0 %
2026/09/24 18:23:04.253, 1, 9768 MiB, 54 %
2026/09/24 18:23:09.259, 0, 13705 MiB, 0 %
2026/09/24 18:23:09.259, 1, 9757 MiB, 42 %
2026/09/24 18:23:14.264, 0, 13705 MiB, 0 %
2026/09/24 18:23:14.264, 1, 9757 MiB, 48 %
2026/09/24 18:23:19.280, 0, 13705 MiB, 0 %
2026/09/24 18:23:19.280, 1, 9762 MiB, 72 %
2026/09/24 18:23:24.285, 0, 13705 MiB, 0 %
2026/09/24 18:23:24.285, 1, 9763 MiB, 68 %
2026/09/24 18:23:29.291, 0, 13705 MiB, 0 %
2026/09/24 18:23:29.291, 1, 9780 MiB, 15 %
2026/09/24 18:23:34.299, 0, 13705 MiB, 0 %
2026/09/24 18:23:34.299, 1, 9840 MiB, 5 %
2026/09/24 18:23:39.309, 0, 13705 MiB, 0 %
2026/09/24 18:23:39.309, 1, 9640 MiB, 32 %
2026/09/24 18:23:44.321, 0, 13482 MiB, 0 %
2026/09/24 18:23:44.323, 1, 9635 MiB, 9 %
2026/09/24 18:23:49.384, 0, 13482 MiB, 0 %
2026/09/24 18:23:49.404, 1, 9501 MiB, 7 %
2026/09/24 18:23:54.420, 0, 13482 MiB, 0 %
2026/09/24 18:23:54.420, 1, 9499 MiB, 25 %
2026/09/24 18:23:59.432, 0, 13482 MiB, 0 %
2026/09/24 18:23:59.432, 1, 9500 MiB, 13 %
2026/09/24 18:24:04.433, 0, 13482 MiB, 0 %
2026/09/24 18:24:04.433, 1, 9500 MiB, 22 %
2026/09/24 18:24:09.436, 0, 13482 MiB, 0 %
2026/09/24 18:24:09.436, 1, 9491 MiB, 19 %
2026/09/24 18:24:14.450, 0, 13705 MiB, 0 %
2026/09/24 18:24:14.450, 1, 9499 MiB, 17 %
2026/09/24 18:24:19.454, 0, 13705 MiB, 0 %
2026/09/24 18:24:19.454, 1, 9483 MiB, 9 %
2026/09/24 18:24:24.461, 0, 13705 MiB, 0 %
2026/09/24 18:24:24.461, 1, 9472 MiB, 6 %
2026/09/24 18:24:29.475, 0, 13705 MiB, 0 %
2026/09/24 18:24:29.475, 1, 9472 MiB, 6 %
2026/09/24 18:24:34.485, 0, 13705 MiB, 0 %
2026/09/24 18:24:34.485, 1, 9529 MiB, 2 %
2026/09/24 18:24:39.493, 0, 13705 MiB, 0 %
2026/09/24 18:24:39.493, 1, 9843 MiB, 23 %
2026/09/24 18:24:44.508, 0, 13705 MiB, 0 %
2026/09/24 18:24:44.508, 1, 9822 MiB, 31 %
2026/09/24 18:24:49.516, 0, 13705 MiB, 0 %
2026/09/24 18:24:49.516, 1, 9775 MiB, 40 %
2026/09/24 18:24:54.525, 0, 13705 MiB, 0 %
2026/09/24 18:24:54.525, 1, 9716 MiB, 16 %
2026/09/24 18:24:59.531, 0, 810 MiB, 23 %
2026/09/24 18:24:59.531, 1, 9727 MiB, 49 %
2026/09/24 18:25:04.538, 0, 1779 MiB, 0 %
2026/09/24 18:25:04.538, 1, 9737 MiB, 28 %
2026/09/24 18:25:09.549, 0, 1770 MiB, 0 %
2026/09/24 18:25:09.549, 1, 9737 MiB, 53 %
2026/09/24 18:25:14.556, 0, 1770 MiB, 0 %
2026/09/24 18:25:14.556, 1, 9746 MiB, 29 %
2026/09/24 18:25:19.557, 0, 1130 MiB, 0 %
2026/09/24 18:25:19.557, 1, 11443 MiB, 47 %
2026/09/24 18:25:24.568, 0, 1353 MiB, 0 %
2026/09/24 18:25:24.568, 1, 9760 MiB, 100 %
2026/09/24 18:25:29.569, 0, 1353 MiB, 0 %
2026/09/24 18:25:29.569, 1, 11310 MiB, 94 %
2026/09/24 18:25:34.583, 0, 1961 MiB, 0 %
2026/09/24 18:25:34.583, 1, 11420 MiB, 49 %
2026/09/24 18:25:39.594, 0, 1961 MiB, 0 %
2026/09/24 18:25:39.594, 1, 11572 MiB, 81 %
2026/09/24 18:25:44.605, 0, 1961 MiB, 0 %
2026/09/24 18:25:44.605, 1, 11514 MiB, 57 %
2026/09/24 18:25:49.607, 0, 1961 MiB, 0 %
2026/09/24 18:25:49.607, 1, 11690 MiB, 33 %
2026/09/24 18:25:54.618, 0, 1738 MiB, 8 %
2026/09/24 18:25:54.618, 1, 11878 MiB, 56 %
2026/09/24 18:25:59.631, 0, 2890 MiB, 4 %
2026/09/24 18:25:59.631, 1, 11776 MiB, 74 %
2026/09/24 18:26:04.645, 0, 3113 MiB, 0 %
2026/09/24 18:26:04.645, 1, 11796 MiB, 74 %
2026/09/24 18:26:09.647, 0, 3113 MiB, 4 %
2026/09/24 18:26:09.647, 1, 11790 MiB, 67 %
2026/09/24 18:26:14.653, 0, 3113 MiB, 0 %
2026/09/24 18:26:14.653, 1, 11662 MiB, 36 %
2026/09/24 18:26:19.656, 0, 3113 MiB, 0 %
2026/09/24 18:26:19.656, 1, 11710 MiB, 26 %
2026/09/24 18:26:24.664, 0, 3113 MiB, 0 %
2026/09/24 18:26:24.664, 1, 11698 MiB, 26 %
2026/09/24 18:26:29.668, 0, 3113 MiB, 0 %
2026/09/24 18:26:29.668, 1, 11725 MiB, 49 %
2026/09/24 18:26:34.678, 0, 3113 MiB, 69 %
2026/09/24 18:26:34.678, 1, 11943 MiB, 30 %
2026/09/24 18:26:39.694, 0, 3209 MiB, 6 %
2026/09/24 18:26:39.694, 1, 11741 MiB, 63 %
2026/09/24 18:26:44.696, 0, 3242 MiB, 1 %
2026/09/24 18:26:44.696, 1, 11737 MiB, 22 %
2026/09/24 18:26:49.699, 0, 3466 MiB, 87 %
2026/09/24 18:26:49.699, 1, 11913 MiB, 32 %
2026/09/24 18:26:54.710, 0, 3658 MiB, 5 %
2026/09/24 18:26:54.710, 1, 11704 MiB, 58 %
2026/09/24 18:26:59.721, 0, 3914 MiB, 23 %
2026/09/24 18:26:59.721, 1, 11819 MiB, 18 %
2026/09/24 18:27:04.735, 0, 4138 MiB, 23 %
2026/09/24 18:27:04.735, 1, 11808 MiB, 24 %
2026/09/24 18:27:09.742, 0, 4394 MiB, 4 %
2026/09/24 18:27:09.742, 1, 11829 MiB, 14 %
2026/09/24 18:27:14.747, 0, 4618 MiB, 18 %
2026/09/24 18:27:14.747, 1, 11928 MiB, 35 %
2026/09/24 18:27:19.759, 0, 5066 MiB, 42 %
2026/09/24 18:27:19.759, 1, 11910 MiB, 24 %
2026/09/24 18:27:24.763, 0, 5546 MiB, 15 %
2026/09/24 18:27:24.763, 1, 11930 MiB, 35 %
2026/09/24 18:27:29.769, 0, 5962 MiB, 46 %
2026/09/24 18:27:29.769, 1, 11975 MiB, 37 %
2026/09/24 18:27:34.778, 0, 6026 MiB, 41 %
2026/09/24 18:27:34.778, 1, 11744 MiB, 77 %
2026/09/24 18:27:39.786, 0, 6026 MiB, 30 %
2026/09/24 18:27:39.786, 1, 11750 MiB, 31 %
2026/09/24 18:27:44.800, 0, 6218 MiB, 34 %
2026/09/24 18:27:44.800, 1, 11742 MiB, 32 %
2026/09/24 18:27:49.813, 0, 6506 MiB, 41 %
2026/09/24 18:27:49.813, 1, 11772 MiB, 48 %
2026/09/24 18:27:54.816, 0, 6794 MiB, 45 %
2026/09/24 18:27:54.816, 1, 11764 MiB, 17 %
2026/09/24 18:27:59.821, 0, 7114 MiB, 38 %
2026/09/24 18:27:59.821, 1, 11815 MiB, 30 %
2026/09/24 18:28:04.826, 0, 7402 MiB, 52 %
2026/09/24 18:28:04.826, 1, 11818 MiB, 56 %
2026/09/24 18:28:09.836, 0, 7690 MiB, 17 %
2026/09/24 18:28:09.836, 1, 11815 MiB, 55 %
2026/09/24 18:28:14.839, 0, 7978 MiB, 25 %
2026/09/24 18:28:14.839, 1, 11801 MiB, 69 %
2026/09/24 18:28:19.849, 0, 8298 MiB, 45 %
2026/09/24 18:28:19.849, 1, 11801 MiB, 44 %
2026/09/24 18:28:24.856, 0, 8586 MiB, 33 %
2026/09/24 18:28:24.856, 1, 11781 MiB, 42 %
2026/09/24 18:28:29.868, 0, 8906 MiB, 39 %
2026/09/24 18:28:29.868, 1, 11821 MiB, 41 %
2026/09/24 18:28:34.871, 0, 9226 MiB, 56 %
2026/09/24 18:28:34.871, 1, 11803 MiB, 61 %
2026/09/24 18:28:39.883, 0, 9546 MiB, 56 %
2026/09/24 18:28:39.883, 1, 11803 MiB, 56 %
2026/09/24 18:28:44.894, 0, 9866 MiB, 27 %
2026/09/24 18:28:44.894, 1, 11770 MiB, 54 %
2026/09/24 18:28:49.908, 0, 10090 MiB, 35 %
2026/09/24 18:28:49.908, 1, 11797 MiB, 59 %
2026/09/24 18:28:54.916, 0, 10346 MiB, 45 %
2026/09/24 18:28:54.916, 1, 11781 MiB, 38 %
2026/09/24 18:28:59.921, 0, 10602 MiB, 37 %
2026/09/24 18:28:59.921, 1, 11776 MiB, 48 %
2026/09/24 18:29:04.934, 0, 10730 MiB, 36 %
2026/09/24 18:29:04.934, 1, 11788 MiB, 55 %
2026/09/24 18:29:09.941, 0, 10922 MiB, 19 %
2026/09/24 18:29:09.941, 1, 11788 MiB, 42 %
2026/09/24 18:29:14.948, 0, 11082 MiB, 27 %
2026/09/24 18:29:14.948, 1, 11778 MiB, 58 %
2026/09/24 18:29:19.951, 0, 11274 MiB, 34 %
2026/09/24 18:29:19.951, 1, 11794 MiB, 38 %
2026/09/24 18:29:24.960, 0, 11466 MiB, 38 %
2026/09/24 18:29:24.960, 1, 11765 MiB, 42 %
2026/09/24 18:29:29.970, 0, 11658 MiB, 29 %
2026/09/24 18:29:29.970, 1, 11585 MiB, 59 %
2026/09/24 18:29:34.976, 0, 11850 MiB, 27 %
2026/09/24 18:29:34.976, 1, 11597 MiB, 66 %
2026/09/24 18:29:39.983, 0, 11978 MiB, 18 %
2026/09/24 18:29:39.983, 1, 11594 MiB, 58 %
2026/09/24 18:29:44.995, 0, 12778 MiB, 29 %
2026/09/24 18:29:44.995, 1, 11607 MiB, 40 %
2026/09/24 18:29:50.001, 0, 15850 MiB, 100 %
2026/09/24 18:29:50.001, 1, 11617 MiB, 76 %
2026/09/24 18:29:55.017, 0, 15914 MiB, 100 %
2026/09/24 18:29:55.017, 1, 11846 MiB, 33 %
2026/09/24 18:30:00.024, 0, 15914 MiB, 100 %
2026/09/24 18:30:00.024, 1, 11910 MiB, 48 %
2026/09/24 18:30:05.036, 0, 15914 MiB, 100 %
2026/09/24 18:30:05.036, 1, 11909 MiB, 44 %
2026/09/24 18:30:10.047, 0, 15914 MiB, 100 %
2026/09/24 18:30:10.047, 1, 11824 MiB, 24 %
2026/09/24 18:30:15.058, 0, 15914 MiB, 100 %
2026/09/24 18:30:15.058, 1, 11791 MiB, 24 %
2026/09/24 18:30:20.072, 0, 15914 MiB, 100 %
2026/09/24 18:30:20.072, 1, 11820 MiB, 47 %
2026/09/24 18:30:25.075, 0, 15914 MiB, 100 %
2026/09/24 18:30:25.075, 1, 11781 MiB, 82 %
2026/09/24 18:30:30.090, 0, 15914 MiB, 100 %
2026/09/24 18:30:30.090, 1, 11815 MiB, 47 %
2026/09/24 18:30:35.094, 0, 15914 MiB, 100 %
2026/09/24 18:30:35.094, 1, 11865 MiB, 38 %
2026/09/24 18:30:40.102, 0, 15914 MiB, 2 %
2026/09/24 18:30:40.102, 1, 11669 MiB, 32 %
2026/09/24 18:30:45.115, 0, 14794 MiB, 100 %
2026/09/24 18:30:45.115, 1, 9511 MiB, 66 %
2026/09/24 18:30:50.130, 0, 14826 MiB, 0 %
2026/09/24 18:30:50.130, 1, 9550 MiB, 38 %
2026/09/24 18:30:55.137, 0, 6442 MiB, 11 %
2026/09/24 18:30:55.137, 1, 9507 MiB, 42 %
2026/09/24 18:31:00.140, 0, 6186 MiB, 96 %
2026/09/24 18:31:00.140, 1, 9637 MiB, 28 %
2026/09/24 18:31:05.147, 0, 12234 MiB, 77 %
2026/09/24 18:31:05.147, 1, 9651 MiB, 45 %
2026/09/24 18:31:10.155, 0, 20106 MiB, 100 %
2026/09/24 18:31:10.155, 1, 9741 MiB, 22 %
2026/09/24 18:31:15.157, 0, 20106 MiB, 100 %
2026/09/24 18:31:15.157, 1, 9710 MiB, 27 %
2026/09/24 18:31:20.159, 0, 20330 MiB, 100 %
2026/09/24 18:31:20.159, 1, 9664 MiB, 24 %
2026/09/24 18:31:25.174, 0, 20330 MiB, 100 %
2026/09/24 18:31:25.174, 1, 9752 MiB, 81 %
2026/09/24 18:31:30.176, 0, 20330 MiB, 97 %
2026/09/24 18:31:30.176, 1, 9584 MiB, 25 %
2026/09/24 18:31:35.190, 0, 20330 MiB, 100 %
2026/09/24 18:31:35.190, 1, 9718 MiB, 53 %
2026/09/24 18:31:40.195, 0, 20362 MiB, 100 %
2026/09/24 18:31:40.195, 1, 9733 MiB, 36 %
2026/09/24 18:31:45.197, 0, 20362 MiB, 99 %
2026/09/24 18:31:45.197, 1, 9761 MiB, 23 %
2026/09/24 18:31:50.202, 0, 20362 MiB, 100 %
2026/09/24 18:31:50.202, 1, 9715 MiB, 27 %
2026/09/24 18:31:55.206, 0, 20362 MiB, 100 %
2026/09/24 18:31:55.206, 1, 9563 MiB, 24 %
2026/09/24 18:32:00.221, 0, 20362 MiB, 100 %
2026/09/24 18:32:00.221, 1, 9713 MiB, 40 %
2026/09/24 18:32:05.233, 0, 20362 MiB, 100 %
2026/09/24 18:32:05.233, 1, 9781 MiB, 57 %
2026/09/24 18:32:10.246, 0, 20362 MiB, 98 %
2026/09/24 18:32:10.246, 1, 9632 MiB, 52 %
2026/09/24 18:32:15.257, 0, 20362 MiB, 100 %
2026/09/24 18:32:15.257, 1, 9655 MiB, 23 %
2026/09/24 18:32:20.264, 0, 20362 MiB, 100 %
2026/09/24 18:32:20.264, 1, 9657 MiB, 39 %
2026/09/24 18:32:25.275, 0, 20362 MiB, 100 %
2026/09/24 18:32:25.275, 1, 9701 MiB, 33 %
2026/09/24 18:32:30.289, 0, 20362 MiB, 100 %
2026/09/24 18:32:30.289, 1, 9587 MiB, 33 %
2026/09/24 18:32:35.298, 0, 20362 MiB, 100 %
2026/09/24 18:32:35.298, 1, 9732 MiB, 32 %
2026/09/24 18:32:40.312, 0, 20362 MiB, 100 %
2026/09/24 18:32:40.312, 1, 9701 MiB, 88 %
2026/09/24 18:32:45.314, 0, 20426 MiB, 98 %
2026/09/24 18:32:45.314, 1, 9524 MiB, 42 %
2026/09/24 18:32:50.329, 0, 20426 MiB, 100 %
2026/09/24 18:32:50.329, 1, 9580 MiB, 44 %
2026/09/24 18:32:55.344, 0, 20426 MiB, 100 %
2026/09/24 18:32:55.344, 1, 9641 MiB, 55 %
2026/09/24 18:33:00.358, 0, 20426 MiB, 100 %
2026/09/24 18:33:00.358, 1, 9682 MiB, 48 %
2026/09/24 18:33:05.368, 0, 20426 MiB, 100 %
2026/09/24 18:33:05.368, 1, 9576 MiB, 41 %
2026/09/24 18:33:10.376, 0, 20458 MiB, 100 %
2026/09/24 18:33:10.376, 1, 9684 MiB, 54 %
2026/09/24 18:33:15.390, 0, 20458 MiB, 100 %
2026/09/24 18:33:15.390, 1, 9660 MiB, 29 %
2026/09/24 18:33:20.403, 0, 20490 MiB, 100 %
2026/09/24 18:33:20.403, 1, 9706 MiB, 62 %
2026/09/24 18:33:25.408, 0, 20490 MiB, 100 %
2026/09/24 18:33:25.408, 1, 9707 MiB, 28 %
2026/09/24 18:33:30.423, 0, 20522 MiB, 100 %
2026/09/24 18:33:30.423, 1, 9762 MiB, 34 %
2026/09/24 18:33:35.432, 0, 20522 MiB, 100 %
2026/09/24 18:33:35.432, 1, 9580 MiB, 77 %
2026/09/24 18:33:40.444, 0, 20522 MiB, 98 %
2026/09/24 18:33:40.444, 1, 9624 MiB, 52 %
2026/09/24 18:33:45.454, 0, 20522 MiB, 99 %
2026/09/24 18:33:45.454, 1, 9726 MiB, 54 %
2026/09/24 18:33:50.457, 0, 20522 MiB, 100 %
2026/09/24 18:33:50.457, 1, 9765 MiB, 38 %
2026/09/24 18:33:55.465, 0, 20522 MiB, 100 %
2026/09/24 18:33:55.465, 1, 9667 MiB, 59 %
2026/09/24 18:34:00.472, 0, 20522 MiB, 100 %
2026/09/24 18:34:00.472, 1, 9765 MiB, 45 %
2026/09/24 18:34:05.477, 0, 20522 MiB, 98 %
2026/09/24 18:34:05.477, 1, 9786 MiB, 24 %
2026/09/24 18:34:10.479, 0, 20522 MiB, 100 %
2026/09/24 18:34:10.479, 1, 9681 MiB, 36 %
2026/09/24 18:34:15.486, 0, 20522 MiB, 100 %
2026/09/24 18:34:15.486, 1, 9576 MiB, 25 %
2026/09/24 18:34:20.498, 0, 20522 MiB, 100 %
2026/09/24 18:34:20.498, 1, 9647 MiB, 60 %
2026/09/24 18:34:25.511, 0, 20522 MiB, 100 %
2026/09/24 18:34:25.511, 1, 9636 MiB, 53 %
2026/09/24 18:34:30.521, 0, 20522 MiB, 100 %
2026/09/24 18:34:30.521, 1, 9609 MiB, 54 %
2026/09/24 18:34:35.526, 0, 20522 MiB, 100 %
2026/09/24 18:34:35.526, 1, 9609 MiB, 34 %
2026/09/24 18:34:40.532, 0, 20522 MiB, 100 %
2026/09/24 18:34:40.532, 1, 9670 MiB, 51 %
2026/09/24 18:34:45.543, 0, 20522 MiB, 100 %
2026/09/24 18:34:45.543, 1, 9668 MiB, 50 %
2026/09/24 18:34:50.553, 0, 20522 MiB, 100 %
2026/09/24 18:34:50.553, 1, 9668 MiB, 52 %
2026/09/24 18:34:55.566, 0, 20522 MiB, 100 %
2026/09/24 18:34:55.566, 1, 9668 MiB, 51 %
2026/09/24 18:35:00.567, 0, 20522 MiB, 100 %
2026/09/24 18:35:00.567, 1, 9702 MiB, 68 %
2026/09/24 18:35:05.569, 0, 20522 MiB, 99 %
2026/09/24 18:35:05.569, 1, 9674 MiB, 25 %
2026/09/24 18:35:10.579, 0, 20522 MiB, 100 %
2026/09/24 18:35:10.579, 1, 9679 MiB, 40 %
2026/09/24 18:35:15.594, 0, 20522 MiB, 100 %
2026/09/24 18:35:15.594, 1, 9710 MiB, 41 %
2026/09/24 18:35:20.610, 0, 20522 MiB, 100 %
2026/09/24 18:35:20.610, 1, 9737 MiB, 43 %
2026/09/24 18:35:25.618, 0, 20522 MiB, 100 %
2026/09/24 18:35:25.618, 1, 9759 MiB, 29 %
2026/09/24 18:35:30.626, 0, 20554 MiB, 100 %
2026/09/24 18:35:30.626, 1, 9728 MiB, 30 %
2026/09/24 18:35:35.639, 0, 20554 MiB, 100 %
2026/09/24 18:35:35.639, 1, 9779 MiB, 53 %
2026/09/24 18:35:40.641, 0, 20554 MiB, 100 %
2026/09/24 18:35:40.641, 1, 9826 MiB, 37 %
2026/09/24 18:35:45.656, 0, 14570 MiB, 93 %
2026/09/24 18:35:45.656, 1, 9777 MiB, 37 %
2026/09/24 18:35:50.659, 0, 14602 MiB, 96 %
2026/09/24 18:35:50.659, 1, 9733 MiB, 37 %
2026/09/24 18:35:55.669, 0, 14602 MiB, 100 %
2026/09/24 18:35:55.669, 1, 9871 MiB, 47 %
2026/09/24 18:36:00.674, 0, 14602 MiB, 100 %
2026/09/24 18:36:00.674, 1, 9787 MiB, 17 %
2026/09/24 18:36:05.688, 0, 14602 MiB, 100 %
2026/09/24 18:36:05.688, 1, 9873 MiB, 58 %
2026/09/24 18:36:10.691, 0, 14602 MiB, 100 %
2026/09/24 18:36:10.691, 1, 9745 MiB, 38 %
2026/09/24 18:36:15.696, 0, 14602 MiB, 100 %
2026/09/24 18:36:15.696, 1, 9809 MiB, 40 %
2026/09/24 18:36:20.700, 0, 14602 MiB, 0 %
2026/09/24 18:36:20.700, 1, 9803 MiB, 40 %
2026/09/24 18:36:25.702, 0, 14602 MiB, 0 %
2026/09/24 18:36:25.702, 1, 9650 MiB, 22 %
2026/09/24 18:36:30.704, 0, 14602 MiB, 0 %
2026/09/24 18:36:30.704, 1, 9766 MiB, 46 %
2026/09/24 18:36:35.710, 0, 14602 MiB, 0 %
2026/09/24 18:36:35.710, 1, 9797 MiB, 27 %
2026/09/24 18:36:46.194, 0, 14602 MiB, 0 %
2026/09/24 18:36:46.200, 1, 9799 MiB, 20 %
2026/09/24 18:36:51.206, 0, 14602 MiB, 0 %
2026/09/24 18:36:51.206, 1, 9849 MiB, 42 %
2026/09/24 18:36:56.214, 0, 14602 MiB, 0 %
2026/09/24 18:36:56.215, 1, 9817 MiB, 0 %
2026/09/24 18:37:01.234, 0, 14602 MiB, 0 %
2026/09/24 18:37:01.234, 1, 9711 MiB, 38 %
2026/09/24 18:37:06.246, 0, 14602 MiB, 0 %
2026/09/24 18:37:06.246, 1, 9861 MiB, 41 %
2026/09/24 18:37:11.260, 0, 14602 MiB, 0 %
2026/09/24 18:37:11.260, 1, 9846 MiB, 39 %
2026/09/24 18:37:16.271, 0, 14602 MiB, 0 %
2026/09/24 18:37:16.274, 1, 9873 MiB, 41 %
2026/09/24 18:37:21.278, 0, 14602 MiB, 0 %
2026/09/24 18:37:21.278, 1, 9841 MiB, 44 %
2026/09/24 18:37:26.280, 0, 14602 MiB, 0 %
2026/09/24 18:37:26.280, 1, 9674 MiB, 46 %
2026/09/24 18:37:31.285, 0, 14602 MiB, 0 %
2026/09/24 18:37:31.287, 1, 9646 MiB, 52 %
2026/09/24 18:37:36.297, 0, 14602 MiB, 0 %
2026/09/24 18:37:36.297, 1, 9660 MiB, 54 %
2026/09/24 18:37:41.301, 0, 14602 MiB, 0 %
2026/09/24 18:37:41.301, 1, 9671 MiB, 28 %
2026/09/24 18:37:46.306, 0, 14602 MiB, 0 %
2026/09/24 18:37:46.306, 1, 9747 MiB, 60 %
2026/09/24 18:37:51.310, 0, 14602 MiB, 0 %
2026/09/24 18:37:51.310, 1, 9784 MiB, 44 %
2026/09/24 18:37:56.318, 0, 14602 MiB, 0 %
2026/09/24 18:37:56.318, 1, 9662 MiB, 54 %
2026/09/24 18:38:01.328, 0, 14602 MiB, 0 %
2026/09/24 18:38:01.328, 1, 9749 MiB, 59 %
2026/09/24 18:38:06.330, 0, 14602 MiB, 0 %
2026/09/24 18:38:06.330, 1, 9767 MiB, 53 %
2026/09/24 18:38:11.343, 0, 14602 MiB, 0 %
2026/09/24 18:38:11.343, 1, 9751 MiB, 12 %
2026/09/24 18:38:16.349, 0, 14602 MiB, 0 %
2026/09/24 18:38:16.349, 1, 9859 MiB, 51 %
2026/09/24 18:38:21.354, 0, 14602 MiB, 25 %
2026/09/24 18:38:21.354, 1, 9916 MiB, 63 %
2026/09/24 18:38:26.368, 0, 14602 MiB, 12 %
2026/09/24 18:38:26.368, 1, 9819 MiB, 47 %
2026/09/24 18:38:31.380, 0, 14602 MiB, 0 %
2026/09/24 18:38:31.380, 1, 9834 MiB, 67 %
2026/09/24 18:38:36.394, 0, 14602 MiB, 0 %
2026/09/24 18:38:36.394, 1, 9850 MiB, 48 %
2026/09/24 18:38:41.396, 0, 14602 MiB, 0 %
2026/09/24 18:38:41.396, 1, 9856 MiB, 66 %
2026/09/24 18:38:46.402, 0, 12682 MiB, 2 %
2026/09/24 18:38:46.402, 1, 9966 MiB, 33 %
2026/09/24 18:38:51.412, 0, 12682 MiB, 0 %
2026/09/24 18:38:51.412, 1, 10012 MiB, 37 %
2026/09/24 18:38:56.422, 0, 12682 MiB, 0 %
2026/09/24 18:38:56.422, 1, 10027 MiB, 35 %
2026/09/24 18:39:01.430, 0, 12682 MiB, 0 %
2026/09/24 18:39:01.430, 1, 10050 MiB, 10 %
2026/09/24 18:39:06.443, 0, 12682 MiB, 0 %
2026/09/24 18:39:06.443, 1, 10017 MiB, 25 %
2026/09/24 18:39:11.454, 0, 12682 MiB, 0 %
2026/09/24 18:39:11.454, 1, 9999 MiB, 35 %
2026/09/24 18:39:16.467, 0, 12682 MiB, 0 %
2026/09/24 18:39:16.467, 1, 9994 MiB, 36 %
2026/09/24 18:39:21.474, 0, 12682 MiB, 0 %
2026/09/24 18:39:21.474, 1, 9999 MiB, 32 %
2026/09/24 18:39:26.485, 0, 12682 MiB, 0 %
2026/09/24 18:39:26.485, 1, 10012 MiB, 34 %
2026/09/24 18:39:31.497, 0, 12682 MiB, 0 %
2026/09/24 18:39:31.497, 1, 10003 MiB, 34 %
2026/09/24 18:39:36.510, 0, 12682 MiB, 0 %
2026/09/24 18:39:36.510, 1, 9999 MiB, 39 %
2026/09/24 18:39:41.519, 0, 12682 MiB, 0 %
2026/09/24 18:39:41.519, 1, 10025 MiB, 11 %
