t,g0_mib,g0_util,g1_mib,g1_util,ram_gib,commit_gib,comfy_rss_gib,comfy_priv_gib
0,17795,0,1819,3,57.2,142.2,1.7,4.5
5,17795,0,2316,28,58.9,149.3,3.3,11.8
10,17795,0,2328,37,60.8,149.4,3.8,11.8
20,17795,0,3097,33,61.7,150.8,4.6,12.6
32,17795,0,4188,5,62.3,151.2,5.5,13.6
37,17795,0,4577,20,62.6,151.6,5.9,14.0
42,17795,0,5045,22,62.6,152.0,6.4,14.5
47,17795,0,5525,21,62.6,152.4,6.8,15.0
52,17795,0,6003,13,62.8,153.0,7.1,15.5
57,17795,0,6407,10,62.8,153.2,7.3,15.8
62,17795,0,6808,21,62.9,153.6,7.7,16.2
67,17795,0,7224,21,62.8,153.9,8.0,16.6
73,17795,0,7640,23,61.8,154.2,8.2,17.0
78,17795,0,8028,2,56.1,152.4,2.5,15.1
83,17795,0,7930,21,57.1,153.1,3.4,15.8
88,17795,0,8334,24,56.9,153.5,3.8,16.2
93,17795,0,8750,19,57.2,154.0,4.2,16.6
98,17795,0,9198,14,57.4,154.2,4.7,17.1
103,17795,0,9550,21,57.9,154.6,5.1,17.4
108,17795,0,9998,23,58.3,154.9,5.6,17.8
113,17795,0,10318,18,58.7,155.3,5.9,18.2
118,17795,0,10670,22,59.0,155.6,6.3,18.5
123,17795,0,11216,100,56.0,152.9,3.3,15.7
128,17795,0,11439,100,56.3,153.4,3.3,16.1
134,17795,0,11215,100,57.8,155.3,4.9,18.1
139,17795,0,1892,3,55.5,142.7,2.5,5.2
